ID Sewa,ID Mobil,Nama Penyewa,Tanggal Sewa
1,3,Andi,2024-05-10
2,5,Budi,2024-06-15
3,7,Cindy,2024-04-22
4,10,Dodi,2024-03-18
5,13,Eva,2024-06-01
6,16,Faiz,2024-05-05
7,19,Gita,2024-05-30
8,22,Hanif,2024-04-12
9,25,Indra,2024-06-10
10,28,Joko,2024-06-05
11,31,Karin,2024-05-15
12,34,Lia,2024-06-02
13,37,Mario,2024-04-25
14,40,Nina,2024-03-20
15,43,Oscar,2024-04-08
16,46,Prita,2024-06-18
17,49,Reza,2024-05-28
18,2,Siti,2024-04-15
19,4,Tono,2024-03-12
20,6,Ani,2024-05-25
21,8,Ahmad,2024-06-08
22,11,Desi,2024-04-05
23,14,Fauzi,2024-06-12
24,17,Gita,2024-05-02
25,20,Hendra,2024-03-30
26,23,Ines,2024-06-16
27,26,Jaya,2024-05-20
28,29,Kiki,2024-04-10
29,32,Lina,2024-06-04
30,35,Martin,2024-05-14
31,38,Nina,2024-04-28
32,41,Omar,2024-03-24
33,44,Puput,2024-05-18
34,47,Roni,2024-06-14
35,50,Sari,2024-04-01
36,1,Tio,2024-05-08
37,12,Umar,2024-06-20
38,15,Vina,2024-05-10
39,18,William,2024-04-18
40,21,Xavier,2024-03-15
41,24,Yuni,2024-06-05
42,27,Zahra,2024-05-22
43,30,Ayu,2024-04-15
44,33,Bayu,2024-06-01
45,36,Chris,2024-05-28
46,39,Dini,2024-04-08
47,42,Edo,2024-03-25
48,45,Farhan,2024-06-10
49,48,Gina,2024-05-15
50,9,Hari,2024-04-20
